{"cameraMode":{"drawMode":0,"name":"Shaded","section":"Shading Mode"},"sceneLighting":true,"audioPlay":false,"sceneViewState":{"showFog":true,"showMaterialUpdate":false,"showSkybox":true,"showFlares":true,"showImageEffects":true,"showParticleSystems":true},"in2DMode":false,"pivot":{"x":1.7637073993682862,"y":-9.565755844116211,"z":47.588504791259769},"rotation":{"x":-0.1392902433872223,"y":-0.0305966567248106,"z":0.004301709122955799,"w":-0.9897820353507996},"size":123.4771499633789,"orthographic":false}