{"cameraMode":{"drawMode":0,"name":"Shaded","section":"Shading Mode"},"sceneLighting":true,"audioPlay":false,"sceneViewState":{"showFog":true,"showMaterialUpdate":false,"showSkybox":true,"showFlares":true,"showImageEffects":true,"showParticleSystems":true},"in2DMode":false,"pivot":{"x":-6.2363200187683109,"y":7.628376007080078,"z":3.8022613525390627},"rotation":{"x":-0.12001741677522659,"y":-0.008341258391737938,"z":0.001005658064968884,"w":-0.9927512407302856},"size":51.282962799072269,"orthographic":false}